gate,status,blocking,evidence
parameter_proposals,18_OF_18_SCIENTIFIC_OWNER_APPROVED,false,r0_scientific_owner_approval_v0.1.json
equivalence_margins,0_OF_24_APPROVED,true,r0_equivalence_margin_evidence_v0.1.csv
authoritative_nuplan_global_ledger,COMPLETE_COMPACT_LOG_LEVEL_TOKEN_SET_SHA_BOUND,false,r0_nuplan_global_identity_ledger_v0.1.csv
clean_unused_pool,EXISTS_111_IDENTITY_CLEAN_LOGS_19_RUNNABLE_LOGS_12805_RUNNABLE_TOKENS,false,r0_nuplan_clean_unused_pool_v0.1.csv
r0_audit_holdout,R0_AUDIT_HOLDOUT_NOT_FEASIBLE_FROM_CURRENT_NUPLAN,true,r0_audit_holdout_freeze_v0.1.json
future_r4_reserved_pool,NOT_FROZEN_ROUTE_B_SOURCE_REQUIRED,true,r0_future_r4_reserved_pool_freeze_v0.1.json
sample_size,INSUFFICIENT_FOR_FROZEN_GATE,true,r0_audit_sample_size_proposal_v0.1.csv
final,NOT_READY_FOR_R0_V1_FREEZE,true,R0_V1_Freeze_Readiness_Report_v0.3.md
rbr_training,NOT_AUTHORIZED,true,owner record and SAP v0.2
