mechanism_variable,option_id,status,exact_formula,numerical_threshold,minimum_duration,hysteresis,physical_interpretation,expected_noise_sensitivity,sampling_rate_sensitivity,edge_cases,rationale,raw_evidence_source,owner_decision
mechanism.brake_phase_count,OPTION_A,DRAFT_PROPOSAL,median3 v_s then centered finite-difference a_s; count merged intervals with a_s<=-0.80,brake onset=-0.80 m/s2; release=-0.20 m/s2; merge gap=0.3 s,brake=0.3 s; release=0.3 s,enter brake at -0.80; exit only after a_s>=-0.20 for 0.3 s,Counts separated physically material decelerations,Median3 lowers isolated speed noise but can delay a sharp onset,Median span and durations are seconds at dt=0.1 and require resampling,filter boundary; v_s<1.0 m/s for 0.5 s; missing route tangent; no valid phase,Onset lies near raw longitudinal acceleration q05 of Stage6J and Stage6K while avoiding one-frame excursions,docs/stageR/r1/r1_phasea_raw_trajectory_evidence_v0.1.json,REQUIRES_SCIENTIFIC_OWNER_APPROVAL
mechanism.brake_phase_count,OPTION_B,DRAFT_PROPOSAL,median5 v_s then centered finite-difference a_s; count merged intervals with a_s<=-1.00,brake onset=-1.00 m/s2; release=-0.10 m/s2; merge gap=0.4 s,brake=0.5 s; release=0.3 s,enter brake at -1.00; exit only after a_s>=-0.10 for 0.3 s,Conservative count of sustained stronger braking,Median5 is robust to high-frequency speed noise but can merge close phases,All spans and durations are physical seconds not frame counts,filter boundary; low-speed end-stop; phase shorter than 0.5 s; nonfinite v_s,Threshold is within the raw q01-to-q05 braking range and emphasizes clear phase separation,docs/stageR/r1/r1_phasea_raw_trajectory_evidence_v0.1.json,REQUIRES_SCIENTIFIC_OWNER_APPROVAL
mechanism.brake_phase_count,OPTION_C,DRAFT_PROPOSAL,unfiltered v_s finite difference with three-frame median a_s; count merged intervals with a_s<=-0.60,brake onset=-0.60 m/s2; release=0.00 m/s2; merge gap=0.5 s,brake=0.5 s; release=0.4 s,enter brake at -0.60; exit only after a_s>=0.00 for 0.4 s,Sensitive to sustained brake-release-brake with positive release,Acceleration filter may retain speed quantization sensitivity but longer dwell limits false phases,Derivative and dwell must be reconstructed in seconds when dt changes,zero-speed stop; acceleration sign chattering; horizon truncation,Low onset is paired with strict positive release and long persistence,docs/stageR/r1/r1_phasea_raw_trajectory_evidence_v0.1.json,REQUIRES_SCIENTIFIC_OWNER_APPROVAL
mechanism.interstage_release_fraction,OPTION_A,DRAFT_PROPOSAL,for first two OPTION_A phases: max v_s in release gap minus v_s at first-phase end divided by max of first-phase start speed minus first-phase minimum speed and 0.1 m/s,denominator floor=0.1 m/s; use OPTION_A segmentation,release gap must be at least 0.3 s,inherits OPTION_A enter and exit thresholds,Relative recovery of speed between two material brake phases,Maximum gap speed is susceptible to one-frame noise but median3 speed reduces this,Gap duration and derivative settings use physical seconds,less than two phases; first loss below 0.1 m/s; low-speed end-stop; truncated second phase,Normalizes recovery by the first realized speed loss without using representation outcome,docs/stageR/r1/r1_phasea_raw_trajectory_evidence_v0.1.json,REQUIRES_SCIENTIFIC_OWNER_APPROVAL
mechanism.interstage_release_fraction,OPTION_B,DRAFT_PROPOSAL,for first two OPTION_B phases: median v_s over final 0.2 s of release gap minus median v_s over final 0.2 s of phase one divided by max of phase-one start median minus phase-one minimum median and 0.1 m/s,denominator floor=0.1 m/s; use OPTION_B segmentation,release gap must be at least 0.4 s,inherits OPTION_B enter and exit thresholds,Robust terminal-gap release relative to initial braking loss,Two short medians reduce peak noise but may understate sharp release,0.2 s medians and 0.4 s gap must be converted by seconds,less than two phases; low speed; phase/gap too short; missing frames,Median summaries match the conservative phase option and avoid a single peak,docs/stageR/r1/r1_phasea_raw_trajectory_evidence_v0.1.json,REQUIRES_SCIENTIFIC_OWNER_APPROVAL
mechanism.interstage_release_fraction,OPTION_C,DRAFT_PROPOSAL,for first two OPTION_C phases: positive integral of a_s over release interval divided by absolute negative integral of a_s over phase one,integral denominator floor=0.05 m/s; use OPTION_C segmentation,release interval must be at least 0.4 s,inherits OPTION_C enter and exit thresholds,Area-based fraction of recovered speed,Integration accumulates low-frequency bias but is less dependent on a single speed sample,Integrals are over seconds and must use actual timestamp spacing,less than two phases; nonfinite acceleration; low-speed end-stop; denominator floor,Directly measures release impulse relative to braking impulse,docs/stageR/r1/r1_phasea_raw_trajectory_evidence_v0.1.json,REQUIRES_SCIENTIFIC_OWNER_APPROVAL
mechanism.second_brake_peak_ratio,OPTION_A,DRAFT_PROPOSAL,max of -a_s in second OPTION_A phase divided by max of -a_s in first OPTION_A phase,denominator floor=0.80 m/s2,second phase minimum=0.3 s,inherits OPTION_A enter and exit thresholds,Relative intensity of second braking phase,Peak is sensitive to residual derivative noise; median3 speed limits isolated noise,Peak is evaluated on timestamp-aware derivative; minimum duration stays 0.3 s,less than two phases; denominator floor; low-speed end-stop; truncated phase,Uses same explicit onset definition as phase count,docs/stageR/r1/r1_phasea_raw_trajectory_evidence_v0.1.json,REQUIRES_SCIENTIFIC_OWNER_APPROVAL
mechanism.second_brake_peak_ratio,OPTION_B,DRAFT_PROPOSAL,95th percentile of -a_s within second OPTION_B phase divided by 95th percentile of -a_s within first OPTION_B phase,denominator floor=1.00 m/s2,each phase minimum=0.5 s,inherits OPTION_B enter and exit thresholds,Robust high-braking ratio rather than single derivative peak,Less sensitive to one sample but needs enough phase frames,Percentiles require a duration expressed in seconds; at dt=0.1 five frames is the minimum,less than two phases; fewer than five frames; low speed; denominator floor,Matches the conservative duration option and raw q01-to-q05 braking scale,docs/stageR/r1/r1_phasea_raw_trajectory_evidence_v0.1.json,REQUIRES_SCIENTIFIC_OWNER_APPROVAL
mechanism.second_brake_peak_ratio,OPTION_C,DRAFT_PROPOSAL,mean of -a_s over the most negative contiguous 0.3 s subinterval of second OPTION_C phase divided by the same quantity in first phase,denominator floor=0.60 m/s2,each compared subinterval=0.3 s,inherits OPTION_C enter and exit thresholds,Sustained local braking-intensity ratio,Window mean reduces derivative quantization but can miss a very narrow peak,0.3 s subinterval must be rebuilt in physical time,less than two phases; phase shorter than 0.3 s; low speed; denominator floor,Pairs a sustained intensity definition with the sensitive segmentation option,docs/stageR/r1/r1_phasea_raw_trajectory_evidence_v0.1.json,REQUIRES_SCIENTIFIC_OWNER_APPROVAL
